TE0,TE1,TL0,TL1,TimeSyncsReceived,EmotiBitStartTime, EmotiBitEndTime, DataParserVersion
1333965.000000,1487723.000000,1709251405.418418,1709251559.171098,36,1.30724e+06,1.49094e+06,1.8.1