TE0,TE1,TL0,TL1,TimeSyncsReceived,EmotiBitStartTime, EmotiBitEndTime, DataParserVersion
590380.000000,744052.000000,1706145475.767841,1706145629.441156,38,558462,754189,1.8.1