TE0,TE1,TL0,TL1,TimeSyncsReceived,EmotiBitStartTime, EmotiBitEndTime, DataParserVersion
751838.000000,900329.000000,1709872323.917611,1709872472.405948,34,730958,909487,1.8.1