TE0,TE1,TL0,TL1,TimeSyncsReceived,EmotiBitStartTime, EmotiBitEndTime, DataParserVersion
293556.000000,462527.000000,1706145178.943485,1706145347.916599,43,251785,468335,1.8.1