TE0,TE1,TL0,TL1,TimeSyncsReceived,EmotiBitStartTime, EmotiBitEndTime, DataParserVersion
1088159.000000,1246990.000000,1709251159.603081,1709251318.432980,34,1.07414e+06,1.25685e+06,1.8.1